Prag,Accuracy,Precision,Recall,F1-Score,False Positives,False Negatives,True Positives,True Negatives
0.3,0.9540028199906,0.7207882320288649,0.8489702517162472,0.7796457520264185,1006,462,2597,27850
0.4,0.9582328058906471,0.76504914004914,0.8143184047074207,0.7889152810768013,765,568,2491,28091
0.5,0.963778787404042,0.853586027499071,0.7508989865969271,0.7989565217391305,394,762,2297,28462
0.6,0.9632774557418142,0.9121887287024901,0.6825760052304675,0.7808526551982049,201,971,2088,28655
0.7,0.9613347955506815,0.9368118717089516,0.639751552795031,0.7602952602952603,132,1102,1957,28724
0.8,0.9580134732884223,0.9521304576538664,0.5916966328865643,0.7298387096774194,91,1249,1810,28765
0.9,0.9526554911483628,0.9696601941747572,0.5223929388689114,0.6789887401742086,50,1461,1598,28806
