{
  "primary_metrics": {
    "accuracy": 0.9580134732884223,
    "precision": 0.9521304576538664,
    "recall": 0.5916966328865643,
    "f1_score": 0.7298387096774194,
    "auc_roc": 0.9768744891271947,
    "specificity": 0.9968464097588023,
    "pr_auc": 0.8847342708953823
  },
  "confusion_matrix": {
    "true_negatives": 28765,
    "false_positives": 91,
    "false_negatives": 1249,
    "true_positives": 1810
  },
  "operational_metrics": {
    "avg_inference_time_ms": 69.26718235015869,
    "batch_inference_time_ms": 166.41855239868164,
    "throughput_per_second": 14,
    "model_size_mb": 5.433109283447266
  },
  "training_info": {
    "dataset_size": 159571,
    "training_samples": 127656,
    "test_samples": 31915,
    "training_duration_seconds": 2256.992629,
    "epochs_trained": 5,
    "early_stopped": true
  },
  "threshold_analysis": [
    {
      "Prag": 0.3,
      "Accuracy": 0.9540028199906,
      "Precision": 0.7207882320288649,
      "Recall": 0.8489702517162472,
      "F1-Score": 0.7796457520264185,
      "False Positives": 